업종,상호,지번주소,도로명주소
체력단련장업,AII For U GYM,서울특별시 성동구 금호동4가 800 대우(아)상가 201호 ,"서울특별시 성동구 독서당로 272, 상가동 201호 (금호동4가, 금호동 대우아파트)"
체력단련장업,(주)옥수 투엑스 휘트니스,서울특별시 성동구 옥수동 474 ,"서울특별시 성동구 독서당로 166, B201호 (옥수동, 성원상떼뷰)"
체력단련장업,올림픽휘트니스,서울특별시 성동구 성수동2가 339-5 뚝섬쇼핑센타 ,"서울특별시 성동구 뚝섬로 400, 뚝섬쇼핑센타 3층 (성수동2가)"
체력단련장업,스타트 짐,서울특별시 성동구 성수동2가 561-1 국민은행 ,"서울특별시 성동구 성덕정길 106, 승재빌딩  4층 (성수동2가)"
체력단련장업,짐아서 휘트니스,서울특별시 성동구 성수동1가 22-5 경동빌딩 ,"서울특별시 성동구 성수일로 39, 경동빌딩 지층 (성수동1가)"
체력단련장업,라온 휘트니스,서울특별시 성동구 마장동 791-1 ,"서울특별시 성동구 마장로 302, 지하1,2층 (마장동)"
체력단련장업,웰트짐,서울특별시 성동구 성수동2가 315-69 홍일빌딩 ,"서울특별시 성동구 연무장5가길 21, 홍일빌딩 지하2층 (성수동2가)"
체력단련장업,동우헬스,서울특별시 성동구 용답동 69-4 ,"서울특별시 성동구 천호대로 296, 5층 (용답동)"
체력단련장업,시티짐 답십리,서울특별시 성동구 용답동 62-2 인암빌딩 ,"서울특별시 성동구 천호대로 308, 인암빌딩 지하2층 (용답동)"
체력단련장업,포시즌 휘트니스,서울특별시 성동구 행당동 168-1 6층 ,서울특별시 성동구 왕십리광장로 17 (행당동)
체력단련장업,풍림휘트니스,서울특별시 성동구 하왕십리동 1061 왕십리풍림아이원 ,"서울특별시 성동구 난계로 84 (하왕십리동, 왕십리풍림아이원)"
체력단련장업,팀키스,서울특별시 성동구 금호동3가 1331 두산아파트 상가동 4층 ,"서울특별시 성동구 동호로 102, 4층 (금호동3가, 두산아파트상가)"
체력단련장업,노블휘트니스,서울특별시 성동구 성수동1가 706 쌍용아파트 ,"서울특별시 성동구 상원길 63, A동 지하1층 01호 (성수동1가, 쌍용아파트)"
체력단련장업,고릴라 멀티짐,서울특별시 성동구 행당동 347 행당동 대림아파트 ,"서울특별시 성동구 행당로 75, 행당동 대림아파트 6층 (행당동)"
체력단련장업,왕십리역점 스포애니 주)케이디스포츠,서울특별시 성동구 도선동 58-1 ,"서울특별시 성동구 왕십리로 326, 지하1층 (도선동)"
체력단련장업,센트리얼 휘트니스 옥수점,서울특별시 성동구 옥수동 560 옥수 어울림 ,"서울특별시 성동구 독서당로40길 39, 옥수 어울림 (옥수동)"
체력단련장업,파크짐,서울특별시 성동구 행당동 287-15 왕십리역이스타빌 ,"서울특별시 성동구 왕십리로 309, 왕십리역이스타빌 지하1,2층 (행당동)"
체력단련장업,스타트짐,서울특별시 성동구 행당동 286-18 ,서울특별시 성동구 왕십리로21길 6 (행당동)
체력단련장업,파크짐,서울특별시 성동구 행당동 376 ,"서울특별시 성동구 고산자로 177, B01호 (행당동, 서울숲행당푸르지오아파트 근린생활시설동)"
체력단련장업,퀸스테이지,서울특별시 성동구 성수동2가 289-20 ,"서울특별시 성동구 아차산로7길 21, 2층 (성수동2가)"
체력단련장업,파크짐,"서울특별시 성동구 하왕십리동 866-2 삼협빌딩 지하1,2층 ","서울특별시 성동구 왕십리로 386, 지하1,2층 (하왕십리동, 삼협빌딩)"
체력단련장업,MSC,서울특별시 성동구 상왕십리동 8-9 ,"서울특별시 성동구 마장로19길 29, 221동 1층 240호 (상왕십리동)"
체력단련장업,에코 휘트니스,서울특별시 성동구 성수동2가 314-5 광명타워 지하2호호,서울특별시 성동구 아차산로 92 (성수동2가)
체력단련장업,건강과땀 휘트니스센타,서울특별시 성동구 행당동 17 ,"서울특별시 성동구 왕십리로 222 (행당동, 한양대역)"
체력단련장업,인피니티 퍼스널 트레이닝,서울특별시 성동구 금호동1가 481-5 ,"서울특별시 성동구 행당로 6 (금호동1가, 신세계오피스텔)"
체력단련장업,피네테스,서울특별시 성동구 옥수동 244-11 4층 ,"서울특별시 성동구 독서당로 194-1, 4층 (옥수동, 골든게이트)"
체력단련장업,허니바디 스포츠,서울특별시 성동구 성수동1가 13-436 ,"서울특별시 성동구 상원6길 5, B1층 (성수동1가)"
체력단련장업,BAN(반),서울특별시 성동구 금호동1가 633 ,"서울특별시 성동구 금호로 100, 상가동 210~216호 (금호동1가, 벽산아파트)"
체력단련장업,레이 휘트니스,서울특별시 성동구 행당동 128-22 ,"서울특별시 성동구 왕십리로 257, 지하1층 (행당동)"
체력단련장업,이루어짐 헬스,서울특별시 성동구 성수동2가 289-257 ,서울특별시 성동구 성수일로8길 55 (성수동2가)
체력단련장업,바른몸 PT STUDIO,서울특별시 성동구 옥수동 528 ,"서울특별시 성동구 매봉길 50, 상가동 106호,107호 (옥수동, 옥수파크힐스)"
체력단련장업,피트니스 에이치(Fitness. H),서울특별시 성동구 송정동 92-25 경한빌딩 ,"서울특별시 성동구 동일로 273, 경한빌딩 2,3층 (송정동)"
체력단련장업,센트라스 투엑스 주식회사,서울특별시 성동구 하왕십리동 700 ,"서울특별시 성동구 왕십리로 410, L동 314호 외 1호 (하왕십리동, 센트라스)"
체력단련장업,D_GYM,서울특별시 성동구 성수동1가 13-155 ,서울특별시 성동구 상원길 46 (성수동1가)
체력단련장업,커브스 금호클럽,서울특별시 성동구 금호동4가 544 ,"서울특별시 성동구 독서당로 302, 3층 (금호동4가)"
체력단련장업,테라피티,서울특별시 성동구 성수동1가 13-135 ,"서울특별시 성동구 상원길 52, B1층 (성수동1가)"
체력단련장업,위드짐 금호점(WITHGYM),"서울특별시 성동구 금호동4가 56-1 힐스테이트 금호 B1층 20-8호, 20-9호 상가동 ","서울특별시 성동구 독서당로 344, 힐스테이트 금호 상가동 B1층 20-8호, 20-9호 (금호동4가)"
체력단련장업,메디앤핏,서울특별시 성동구 홍익동 396-1 김원자산부인과 2층 ,"서울특별시 성동구 무학로 18, 김원자산부인과 2층 (홍익동)"
체력단련장업,(주)넉아웃,서울특별시 성동구 성수동1가 685-450 ,"서울특별시 성동구 서울숲2길 18-11, 2층 (성수동1가)"
체력단련장업,탑핏(TOPFIT),서울특별시 성동구 성수동2가 315-4 MG빌딩 B1층 ,"서울특별시 성동구 성수이로 89, MG빌딩 B1층 (성수동2가)"
체력단련장업,퀄핏 건강운동센터,서울특별시 성동구 성수동2가 289-14 지하1층 ,"서울특별시 성동구 성수일로8길 39, 지하1층 (성수동2가)"
체력단련장업,크로스핏 핏불,서울특별시 성동구 성수동1가 709 성수2차대우아파트 지하1층 상가동 ,"서울특별시 성동구 상원6길 14, 성수2차대우아파트 상가동 지하1층 (성수동1가)"
체력단련장업,얼라이브짐,"서울특별시 성동구 하왕십리동 1070 센트라스 H동  204,205호 ","서울특별시 성동구 왕십리로 410, H동 204,205호 (하왕십리동, 센트라스)"
체력단련장업,무브먼트 프로젝트,서울특별시 성동구 성수동1가 656-365 ,"서울특별시 성동구 성수일로 1, 2층 2호 (성수동1가)"
체력단련장업,비 스튜디오(Be studio),서울특별시 성동구 성수동2가 289-8 ,"서울특별시 성동구 성수이로 127, 2층 202,203호 (성수동2가)"
체력단련장업,나의 근육 사용설명서,서울특별시 성동구 성수동2가 284-62 ,"서울특별시 성동구 성수일로10길 26, 204호 (성수동2가)"
체력단련장업,파크짐 한양대점,서울특별시 성동구 행당동 32-6 ,"서울특별시 성동구 왕십리로 223, 지하1,2층 (행당동)"
체력단련장업,크로스핏 아띠,서울특별시 성동구 도선동 402 승우카센타 ,"서울특별시 성동구 무학로 8, 승우카센타 지하1층 (도선동)"
체력단련장업,힐앤핏,서울특별시 성동구 옥수동 218-1 ,"서울특별시 성동구 한림말길 18, 501-1호 (옥수동)"
체력단련장업,(주)프롬더바디,서울특별시 성동구 성수동1가 656-75 ,"서울특별시 성동구 왕십리로 115, 9층 905호 (성수동1가)"
체력단련장업,더블에이피트니스,서울특별시 성동구 옥수동 563 ,"서울특별시 성동구 매봉길 48, 지하2층 201~204, 206,207호 (옥수동)"
체력단련장업,(주)스포티즌 엑시온점,서울특별시 성동구 성수동2가 280-38 아인빌딩 ,"서울특별시 성동구 광나루로 286, 아인빌딩 6층 (성수동2가)"
체력단련장업,운동연구소,서울특별시 성동구 옥수동 284-14 동호빌딩 ,"서울특별시 성동구 독서당로 212, 동호빌딩 (옥수동)"
체력단련장업,알엑스 퍼스널 트레이닝,서울특별시 성동구 행당동 229-4 ,"서울특별시 성동구 왕십리로 284-1, 2층 (행당동)"
체력단련장업,(주)운동의 정석,서울특별시 성동구 도선동 53 한성아펠타워 ,"서울특별시 성동구 왕십리로 322, 한성아펠타워 B1~B3호 (도선동)"
체력단련장업,빅브로짐 휘트니스 성수점,서울특별시 성동구 성수동1가 656-75 ,"서울특별시 성동구 왕십리로 115, 지하층 (성수동1가)"
체력단련장업,더새로워짐,서울특별시 성동구 성수동2가 315-73 유원지식산업센터 ,"서울특별시 성동구 성수일로6길 53, 유원지식산업센터 2층 (성수동2가)"
체력단련장업,더바른몸PT,서울특별시 성동구 도선동 46 W에비뉴타워 ,"서울특별시 성동구 왕십리로 320, W에비뉴타워 503호 (도선동)"
체력단련장업,성수역점 스포애니,서울특별시 성동구 성수동2가 317-23 세종빌딩 ,"서울특별시 성동구 성수이로20길 3, 세종빌딩 (성수동2가)"
체력단련장업,ST 요가앤PT,서울특별시 성동구 옥수동 362-1 교연학원 ,"서울특별시 성동구 한림말3길 10, 교연학원 지하1층 (옥수동)"
체력단련장업,리커버 필라테스 PT,서울특별시 성동구 행당동 192-29 성동샤르망 ,"서울특별시 성동구 고산자로 284, 성동샤르망 206호 (행당동)"
체력단련장업,에이블짐 한양대점,서울특별시 성동구 행당동 12-5 미진빌딩 ,"서울특별시 성동구 마조로 30, 미진빌딩 지층 101호 (행당동)"
체력단련장업,오늘 운동,서울특별시 성동구 하왕십리동 1066 텐즈힐 ,"서울특별시 성동구 무학로 33, 152동 b107호 (하왕십리동, 텐즈힐)"
체력단련장업,PND,서울특별시 성동구 성수동1가 656-1661 ,"서울특별시 성동구 성수일로 21, 2층 (성수동1가)"
체력단련장업,스타칼리휘트니스 성수역점,서울특별시 성동구 성수동2가 300-5 남영빌딩 ,"서울특별시 성동구 아차산로 97, 남영빌딩 3층 (성수동2가)"
체력단련장업,퀸 스페셜 PT,서울특별시 성동구 성수동2가 300-65 현진빌딩 ,"서울특별시 성동구 아차산로 91, 현진빌딩 2층 (성수동2가)"
체력단련장업,PT STUDIO RE 'ON,서울특별시 성동구 도선동 21-1 케이 타워 ,"서울특별시 성동구 고산자로 255, 케이 타워 7층 (도선동)"
체력단련장업,뉴바디필라테스&멀티트레이닝센터,서울특별시 성동구 성수동2가 315-73 유원지식산업센터 ,"서울특별시 성동구 성수일로6길 53, 유원지식산업센터 3층 (성수동2가)"
체력단련장업,바나나짐,서울특별시 성동구 금호동1가 128-1 금복빌딩 ,"서울특별시 성동구 행당로 35, 금복빌딩 1층 (금호동1가)"
체력단련장업,더 바디 피트니스,서울특별시 성동구 용답동 232-1 신창비바패밀리 ,"서울특별시 성동구 천호대로 400, B101호 (용답동, 신창비바패밀리)"
체력단련장업,바른피티,서울특별시 성동구 옥수동 365-20 ,"서울특별시 성동구 한림말5길 9, 5층 (옥수동)"
체력단련장업,shut up and squat,서울특별시 성동구 옥수동 262-1 ,"서울특별시 성동구 독서당로 202, B103호 (옥수동)"
체력단련장업,릴리브짐,서울특별시 성동구 하왕십리동 1070 센트라스 ,"서울특별시 성동구 왕십리로 410, I동 101호 102호 (하왕십리동, 센트라스)"
체력단련장업,오프로,서울특별시 성동구 도선동 289 ,"서울특별시 성동구 왕십리로 348, 5층 (도선동)"
체력단련장업,브라보 PT,서울특별시 성동구 하왕십리동 966-68 ,"서울특별시 성동구 왕십리로 339-1, 3층 (하왕십리동)"
체력단련장업,핏바디짐,서울특별시 성동구 성수동2가 317-4 청운재 ,"서울특별시 성동구 연무장11길 15, 청운재 지하1층 (성수동2가)"
체력단련장업,바른핏,서울특별시 성동구 옥수동 323-17 조을빌딩 ,"서울특별시 성동구 독서당로 226, 조을빌딩 2층 (옥수동)"
체력단련장업,모스트짐,서울특별시 성동구 성수동1가 13-441 ,"서울특별시 성동구 상원길 64, 2층 (성수동1가)"
체력단련장업,찬스짐 PT,서울특별시 성동구 하왕십리동 946-15 성동빌딩 ,"서울특별시 성동구 왕십리로 363, 성동빌딩 401호 (하왕십리동)"
체력단련장업,3GYM,서울특별시 성동구 성수동1가 656-945 ,"서울특별시 성동구 왕십리로14길 30-3, 2층 (성수동1가)"
체력단련장업,와츠핏(What's fit),서울특별시 성동구 금호동2가 494 동원빌딩 ,"서울특별시 성동구 금호산길 61, 동원빌딩 301호 (금호동2가)"
체력단련장업,가인,서울특별시 강북구 수유동 381-2 ,서울특별시 강북구 삼양로 424 (수유동)
체력단련장업,현대 휘트니스,서울특별시 강북구 미아동 703-31 ,"서울특별시 강북구 삼양로 181, 지하,2,3층 (미아동)"
체력단련장업,람보,서울특별시 강북구 수유동 93-1 ,서울특별시 강북구 도봉로77길 9  (수유동)
체력단련장업,서울헬스클럽,서울특별시 강북구 수유동 174-5 ,서울특별시 강북구 도봉로 373 (수유동)
체력단련장업,라인짐,서울특별시 강북구 번동 165-4 ,"서울특별시 강북구 한천로109길 53, 3,4,5층 (번동, 유림빌딩)"
체력단련장업,국제헬스클럽,서울특별시 강북구 미아동 131-6 ,서울특별시 강북구 도봉로 144  (미아동)
체력단련장업,업타운 휘트니스,서울특별시 강북구 미아동 58 ,"서울특별시 강북구 도봉로 41-1, 4층 (미아동)"
체력단련장업,M 휘트니스,서울특별시 강북구 미아동 310-4 5층 ,"서울특별시 강북구 도봉로 167, 5층 (미아동)"
체력단련장업,시너짐(SYNER GYM),서울특별시 강북구 수유동 191-35 우성빌딩지하1층 ,"서울특별시 강북구 한천로 1035 (수유동,우성빌딩지하1층)"
체력단련장업,아크로짐,서울특별시 강북구 미아동 838-4 제일은행삼양동지점 ,"서울특별시 강북구 솔샘로 223, 제일은행삼양동지점 5층 (미아동)"
체력단련장업,소울 휘트니스,서울특별시 강북구 미아동 7-5 대지빌딩 4층 ,"서울특별시 강북구 오패산로30길 10 (미아동,대지빌딩 4층)"
체력단련장업,Well-Being,서울특별시 강북구 미아동 52-1 ,서울특별시 강북구 월계로7나길 4 (미아동)
체력단련장업,Double 휘트니스 클럽,서울특별시 강북구 수유동 544-1 ,서울특별시 강북구 인수봉로 293  (수유동)
체력단련장업,노블휘트니스클럽,서울특별시 강북구 수유동 185-1 ,"서울특별시 강북구 한천로 1093 (수유동, 하나은행)"
체력단련장업,범 휘트니스,서울특별시 강북구 수유동 70-4 ,서울특별시 강북구 삼양로 293 (수유동)
체력단련장업,FUN 휘트니스,서울특별시 강북구 미아동 374-13 2층 ,"서울특별시 강북구 솔샘로 327 (미아동,2층)"
체력단련장업,플로리다 피트니스,서울특별시 강북구 미아동 670-28 행전빌딩 4층 ,"서울특별시 강북구 삼양로 161  (미아동,행전빌딩 4층)"
체력단련장업,삼각산 헬스타운,서울특별시 강북구 수유동 340-9 ,서울특별시 강북구 삼양로 441 (수유동)
체력단련장업,에너메카,서울특별시 강북구 미아동 35-4 ,"서울특별시 강북구 도봉로 34, 3층 (미아동)"
체력단련장업,고릴라멀티짐,서울특별시 강북구 번동 418-3 ,"서울특별시 강북구 도봉로 352, B1호 (번동, 효성인텔리안)"
체력단련장업,수유역점 스포애니 주)케이디스포츠,서울특별시 강북구 번동 418-1 코스타타워 ,"서울특별시 강북구 도봉로 358, 코스타타워 12층 (번동)"
체력단련장업,야크짐,서울특별시 강북구 미아동 189-15 지하1층 ,"서울특별시 강북구 도봉로 254 (미아동,지하1층)"
체력단련장업,피트니스팩토리24,서울특별시 강북구 수유동 192-61 영남빌딩,"서울특별시 강북구 한천로139길 42, 4층 (수유동, 영남빌딩)"
체력단련장업,피티하우스,서울특별시 강북구 미아동 836-10 ,"서울특별시 강북구 인수봉로6길 62, 지1층 (미아동)"
체력단련장업,피트니스팩토리24,서울특별시 강북구 미아동 791-683 ,"서울특별시 강북구 솔매로 83, 3층 (미아동, 아이비보습학원)"
체력단련장업,번 휘트니스,서울특별시 강북구 번동 191 기산그린아파트 상가 3층 ,"서울특별시 강북구 월계로37길 129, 3층 (번동, 기산그린아파트 상가)"
체력단련장업,체대입시 FA,서울특별시 강북구 수유동 168-50 ,서울특별시 강북구 도봉로 403 (수유동)
체력단련장업,제이짐,서울특별시 강북구 수유동 279-37,서울특별시 강북구 삼양로 516 (수유동)
체력단련장업,이성현 퍼스널 트레이닝,서울특별시 강북구 미아동 484-4 ,서울특별시 강북구 숭인로 63-1 (미아동)
체력단련장업,피트니스팩토리 24,서울특별시 강북구 미아동 322-1 ,"서울특별시 강북구 도봉로 143, 지하층 (미아동)"
체력단련장업,휘트니스데이,서울특별시 강북구 미아동 131-30 ,"서울특별시 강북구 도봉로 136-0, 9층 (미아동)"
체력단련장업,다이어트모드 휘트니스,서울특별시 강북구 수유동 279-37,서울특별시 강북구 도봉로 350 (미아동)
체력단련장업,더바른 휘트니스,서울특별시 강북구 미아동 304-8 서광빌딩 ,"서울특별시 강북구 도봉로 177, 서광빌딩 3층 2호 (미아동)"
체력단련장업,레디포짐,서울특별시 강북구 번동 449-1 북한산스카이빌딩,"서울특별시 강북구 도봉로 308, 6층 (번동)"
체력단련장업,Jfit,서울특별시 강북구 미아동 703-5,서울특별시 강북구 삼양로 188 (미아동)
체력단련장업,바디스테이션,서울특별시 강북구 수유동 229-49 경남아너스빌 ,"서울특별시 강북구 노해로8길 22, 경남아너스빌 3층 (수유동)"
체력단련장업,더 퍼스트짐,서울특별시 강북구 번동 416-123 ,"서울특별시 강북구 한천로131길 29, 3층 (번동)"
체력단련장업,알엔엘,서울특별시 강북구 수유동 229-9 ,"서울특별시 강북구 도봉로 331, 4층 (수유동)"
체력단련장업,데일리P.T샵,서울특별시 강북구 미아동 138-15 ,"서울특별시 강북구 도봉로 98, 2층 (미아동)"
체력단련장업,에스핏휘트니스 수유점,서울특별시 강북구 수유동 54-5 수유시장 ,"서울특별시 강북구 도봉로67길 18, 수유시장 3층 (수유동)"
체력단련장업,라인짐2호점,서울특별시 강북구 번동 306-38 동보프라자빌딩 ,"서울특별시 강북구 오현로32길 4-8, 동보프라자빌딩 3층 (번동)"
체력단련장업,웨일 미아점,서울특별시 강북구 미아동 65-5 ,"서울특별시 강북구 솔샘로 330, 4층 (미아동)"
체력단련장업,피트니스 독스 수유점,서울특별시 강북구 수유동 48-1 제네스타워 ,"서울특별시 강북구 덕릉로 82, 4층 (수유동, 제네스타워)"
체력단련장업,Good Fit,서울특별시 강북구 미아동 860-241 ,"서울특별시 강북구 도봉로8길 12, 5층 501호 (미아동)"
체력단련장업,부스터짐,서울특별시 강북구 미아동 682-11 젬스톤프라자 ,"서울특별시 강북구 삼양로 162, 젬스톤프라자 지하1층 (미아동)"
체력단련장업,머슬엑스짐,서울특별시 강북구 수유동 263-7 성은빌딩 ,"서울특별시 강북구 한천로 1127, 성은빌딩 지하1층 (수유동)"
일반음식점,무교동 낙지나라,서울특별시 중랑구 면목로 302 (면목동),서울특별시 중랑구 면목동 626-17 외 1필지 
일반음식점,가고파식당,서울특별시 중랑구 봉우재로 200 (망우동),서울특별시 중랑구 망우동 517-1 
일반음식점,뼈다귀해장국,서울특별시 중랑구 중랑역로 8 (중화동),서울특별시 중랑구 중화동 207-15 
일반음식점,서울식당,서울특별시 중랑구 중랑천로12길 75 (상봉동),서울특별시 중랑구 상봉동 129-73 
일반음식점,무진장한식,서울특별시 중랑구 겸재로18길 3 (면목동),서울특별시 중랑구 면목동 150-7 
일반음식점,BBQ 상봉역점,"서울특별시 중랑구 봉우재로 155, 102호 (상봉동)",서울특별시 중랑구 상봉동 87-27 
일반음식점,남원정통추어탕,서울특별시 중랑구 동일로 778 (중화동),서울특별시 중랑구 중화동 288-27 
일반음식점,청담순대국,서울특별시 중랑구 겸재로 187 (면목동),서울특별시 중랑구 면목동 102-51 
일반음식점,딸기원숯불갈비,서울특별시 중랑구 겸재로 102 (면목동),서울특별시 중랑구 면목동 175-2 
일반음식점,대관령쌈밥,서울특별시 중랑구 용마산로115길 15 (망우동),서울특별시 중랑구 망우동 469-1 
일반음식점,태능설렁탕,서울특별시 중랑구 공릉로 65 (묵동),서울특별시 중랑구 묵동 162-1 
일반음식점,시골식당,"서울특별시 중랑구 면목로 382 (면목동, 休 elysian)",서울특별시 중랑구 면목동 114-6 休 elysian 
일반음식점,오성맥주,서울특별시 중랑구 용마산로 409 (면목동),서울특별시 중랑구 면목동 20-51 
일반음식점,서향,서울특별시 중랑구 봉우재로 97 (상봉동),서울특별시 중랑구 상봉동 125-1 
일반음식점,태능식당,서울특별시 중랑구 중랑역로 143 (묵동),서울특별시 중랑구 묵동 249-119 
일반음식점,빛나는 바다,"서울특별시 중랑구 중랑역로 249, 1층 (묵동)",서울특별시 중랑구 묵동 233-103 
일반음식점,대구참막창,서울특별시 중랑구 사가정로51길 43 (면목동),서울특별시 중랑구 면목동 572-30 
일반음식점,범갈비,서울특별시 중랑구 면목로 396 (면목동),서울특별시 중랑구 면목동 359-25 
일반음식점,더데이(The Day),서울특별시 중랑구 공릉로12가길 1 (묵동),서울특별시 중랑구 묵동 158-3 
일반음식점,아구찜,서울특별시 중랑구 봉우재로14길 9 (면목동),서울특별시 중랑구 면목동 180-50 
일반음식점,홍어본가,"서울특별시 중랑구 동일로 867 (묵동,, 84)","서울특별시 중랑구 묵동 245-3 , 84 "
일반음식점,동강오리,서울특별시 중랑구 용마산로115길 10 (망우동),서울특별시 중랑구 망우동 486-9 
일반음식점,한방닭,서울특별시 중랑구 봉우재로 100 (면목동),서울특별시 중랑구 면목동 132-21 
일반음식점,까망통돼지,서울특별시 중랑구 면목로 488 (상봉동),서울특별시 중랑구 상봉동 102-89 
일반음식점,대흥각,서울특별시 중랑구 동일로139길 7 (중화동),서울특별시 중랑구 중화동 305-66 
일반음식점,화신대반점,서울특별시 중랑구 겸재로10길 15 (면목동),서울특별시 중랑구 면목동 175-103 
일반음식점,짜앤짬,서울특별시 중랑구 겸재로 130 (면목동),서울특별시 중랑구 면목동 149-4 
일반음식점,유천냉면 먹골역점,서울특별시 중랑구 동일로163길 7 (묵동),서울특별시 중랑구 묵동 239-161 
일반음식점,60계치킨 서울 망우점,"서울특별시 중랑구 용마산로 494, 상아빌딩 1층 109호 (망우동)",서울특별시 중랑구 망우동 410-1 상아빌딩 
일반음식점,개성숯불갈비,서울특별시 중랑구 겸재로 261 (망우동),서울특별시 중랑구 망우동 526-2 
일반음식점,늘통큰감자탕,서울특별시 중랑구 겸재로 129 (면목동),서울특별시 중랑구 면목동 148-9 
일반음식점,동서울통닭,서울특별시 중랑구 사가정로 337 (면목동),서울특별시 중랑구 면목동 166-44 
일반음식점,돈주랑 갈매기살 부속전문점,"서울특별시 중랑구 겸재로 185, 1층 (면목동)",서울특별시 중랑구 면목동 102-18 
일반음식점,우인,"서울특별시 중랑구 면목로 213, 1층 (면목동)",서울특별시 중랑구 면목동 398-8 
일반음식점,까치기사식당,서울특별시 중랑구 망우로36길 33 (상봉동),서울특별시 중랑구 상봉동 128-72 
일반음식점,성창식당,서울특별시 중랑구 면목로 421 (면목동),서울특별시 중랑구 면목동 126-6 
일반음식점,일미식당,서울특별시 중랑구 봉우재로49길 21 (상봉동),서울특별시 중랑구 상봉동 86-1 
일반음식점,천외천,서울특별시 중랑구 봉우재로33길 12 (상봉동),서울특별시 중랑구 상봉동 106-25 
일반음식점,한독식당,서울특별시 중랑구 동일로 747 (중화동),서울특별시 중랑구 중화동 296-3 
일반음식점,용마갈비,서울특별시 중랑구 용마산로 498 (망우동),서울특별시 중랑구 망우동 403-69 
일반음식점,전골과삼겹살,서울특별시 중랑구 면목로27길 77 (면목동),서울특별시 중랑구 면목동 382-2 
일반음식점,금천숯불갈비,서울특별시 중랑구 공릉로 80 (묵동),서울특별시 중랑구 묵동 159-27 
일반음식점,장원식당,서울특별시 중랑구 용마산로 557 (신내동),서울특별시 중랑구 신내동 492-24 
일반음식점,면목통닭 동원시장점,서울특별시 중랑구 상봉로11길 6 (면목동),서울특별시 중랑구 면목동 87-14 
일반음식점,주당호프,서울특별시 중랑구 면목로 368 (면목동),서울특별시 중랑구 면목동 412-3 
일반음식점,포싸이,서울특별시 중랑구 겸재로 185 (면목동),서울특별시 중랑구 면목동 102-18 
일반음식점,비어킹,서울특별시 중랑구 중랑역로 265 (묵동),서울특별시 중랑구 묵동 166-14 
일반음식점,참숯흑돼지숯불구이,서울특별시 중랑구 동일로151길 12 (묵동),서울특별시 중랑구 묵동 244-42 
일반음식점,진미파전,서울특별시 중랑구 신내로 10 (신내동),서울특별시 중랑구 신내동 494-58 
일반음식점,1번지통닭,서울특별시 중랑구 용마산로115길 92 (망우동),서울특별시 중랑구 망우동 490-13 
일반음식점,대성식당,서울특별시 중랑구 봉우재로33길 76 (상봉동),서울특별시 중랑구 상봉동 88-76 
일반음식점,작은음악회 7080,"서울특별시 중랑구 동일로 851 (묵동,, 3)","서울특별시 중랑구 묵동 250-2 , 3 "
일반음식점,대가순대국,서울특별시 중랑구 용마산로 538 (망우동),서울특별시 중랑구 망우동 364-1 
일반음식점,김정희김밥전문점,서울특별시 중랑구 면목로 478-1 (상봉동),서울특별시 중랑구 상봉동 107-28 
일반음식점,셀프1000년장어촌,서울특별시 중랑구 용마산로 443 (망우동),서울특별시 중랑구 망우동 531-15 
일반음식점,이가네바지락칼국수,서울특별시 중랑구 중랑역로 73-1 (중화동),서울특별시 중랑구 중화동 312-37 
일반음식점,인쌩맥주 중랑역점,서울특별시 중랑구 중랑천로12길 30 (상봉동),서울특별시 중랑구 상봉동 136-82 
일반음식점,또와 포차,서울특별시 중랑구 망우로66길 75 (망우동),서울특별시 중랑구 망우동 465-46 
일반음식점,돌다리곱창식당,서울특별시 중랑구 용마산로115가길 4 (망우동),서울특별시 중랑구 망우동 494-1 
일반음식점,석화,서울특별시 중랑구 사가정로42길 67 (면목동),서울특별시 중랑구 면목동 673-58 
일반음식점,용천등갈비,서울특별시 중랑구 중랑천로12길 30 (상봉동),서울특별시 중랑구 상봉동 136-82 
일반음식점,태능솔밭갈비,서울특별시 중랑구 동일로99길 13 (면목동),서울특별시 중랑구 면목동 176-21 
일반음식점,흥부족발&고기굼터,"서울특별시 중랑구 사가정로 407, 1층 (면목동)",서울특별시 중랑구 면목동 472-62 
일반음식점,솔밭식당,서울특별시 중랑구 동일로 806 (중화동),서울특별시 중랑구 중화동 285-6 
일반음식점,부산회집,서울특별시 중랑구 면목로91길 38 (상봉동),서울특별시 중랑구 상봉동 112-44 
일반음식점,원조산꽃게탕,서울특별시 중랑구 용마산로115길 79 (망우동),서울특별시 중랑구 망우동 491-32 
일반음식점,교촌치킨 망우본동점,"서울특별시 중랑구 양원역로 78, 베이지하우스 1층 (망우동)",서울특별시 중랑구 망우동 251-2 베이지하우스 
일반음식점,고향밥집,서울특별시 중랑구 망우로48길 14 (상봉동),서울특별시 중랑구 상봉동 102-1 
일반음식점,신흥춘,서울특별시 중랑구 봉우재로43길 31 (상봉동),서울특별시 중랑구 상봉동 87-4 
일반음식점,로렌드치킨,서울특별시 중랑구 용마산로115가길 4 (망우동),서울특별시 중랑구 망우동 494-1 
일반음식점,썬싸인,"서울특별시 중랑구 면목로60길 8 (면목동,1층)",서울특별시 중랑구 면목동 412-8 1층 
일반음식점,사가정식당,서울특별시 중랑구 면목로 318 (면목동),서울특별시 중랑구 면목동 611-3 
일반음식점,맛솜씨,서울특별시 중랑구 망우로68길 5 (망우동),서울특별시 중랑구 망우동 360-7 
일반음식점,바다마차,서울특별시 중랑구 중랑역로 73-1 (중화동),서울특별시 중랑구 중화동 312-37 
일반음식점,박승기 횟집,서울특별시 중랑구 중랑역로 75 (중화동),서울특별시 중랑구 중화동 312-25 
일반음식점,솥뚜껑삼겹살,서울특별시 중랑구 중랑천로12길 54 (상봉동),서울특별시 중랑구 상봉동 130-30 
일반음식점,봉평메밀가,"서울특별시 중랑구 중랑역로 177, 1층 (묵동)",서울특별시 중랑구 묵동 243-68 
일반음식점,미림장충왕족발보쌈,서울특별시 중랑구 중랑천로12길 49 (상봉동),서울특별시 중랑구 상봉동 130-150 
일반음식점,오복,서울특별시 중랑구 면목로 403 (면목동),서울특별시 중랑구 면목동 115-2 
일반음식점,소담밥상,"서울특별시 중랑구 면목로44다길 6-4, 1층 (면목동)",서울특별시 중랑구 면목동 465-30 
일반음식점,족발야시장,서울특별시 중랑구 용마산로115길 85 (망우동),서울특별시 중랑구 망우동 491-50 
일반음식점,한양식당,서울특별시 중랑구 겸재로 225 (면목동),서울특별시 중랑구 면목동 74-42 
일반음식점,왕건고기촌,서울특별시 중랑구 중랑역로 81 (중화동),서울특별시 중랑구 중화동 312-19 
일반음식점,본가장수촌,서울특별시 중랑구 용마공원로3길 14-9 (망우동),서울특별시 중랑구 망우동 381-5 
일반음식점,함평국밥,서울특별시 중랑구 봉우재로33길 73 (상봉동),서울특별시 중랑구 상봉동 90-64 
일반음식점,녹원,서울특별시 중랑구 답십리로 393 (면목동),서울특별시 중랑구 면목동 393-36 
일반음식점,찜집,서울특별시 중랑구 면목로 287 (면목동),서울특별시 중랑구 면목동 632-6 
일반음식점,동국왕족발,서울특별시 중랑구 망우로60길 6 (망우동),서울특별시 중랑구 망우동 568-0 
일반음식점,하나감자탕,서울특별시 중랑구 동일로101길 52 (면목동),서울특별시 중랑구 면목동 181-70 
일반음식점,페리카나,서울특별시 중랑구 겸재로9길 50 (면목동),서울특별시 중랑구 면목동 179-80 
일반음식점,신촌서서갈비,서울특별시 중랑구 공릉로 72 (묵동),서울특별시 중랑구 묵동 158-21 
일반음식점,세븐(seven)돈까스김밥,"서울특별시 중랑구 겸재로 127, 1층 (면목동)",서울특별시 중랑구 면목동 147-24 
일반음식점,투다리,서울특별시 중랑구 면목로 314 (면목동),서울특별시 중랑구 면목동 617-7 
일반음식점,명동사골칼국수&칡냉면,"서울특별시 중랑구 중랑역로 153, 1층 (묵동)",서울특별시 중랑구 묵동 246-7 지상1층 
일반음식점,샬롬,서울특별시 중랑구 봉우재로70길 92 (망우동),서울특별시 중랑구 망우동 530-2 
일반음식점,아바이순대국,서울특별시 중랑구 동일로114길 37 (상봉동),서울특별시 중랑구 상봉동 121-73 
일반음식점,맛포차,서울특별시 중랑구 중랑역로 73 (중화동),서울특별시 중랑구 중화동 312-34 
일반음식점,도리연 닭도리탕,서울특별시 중랑구 중랑천로12길 46 (상봉동),서울특별시 중랑구 상봉동 130-48 
일반음식점,마산아구찜원조꽃게찜전문,서울특별시 중랑구 중랑천로12길 46 (상봉동),서울특별시 중랑구 상봉동 130-48 
일반음식점,할매복집,서울특별시 중랑구 공릉로 82 (묵동),서울특별시 중랑구 묵동 159-28 
일반음식점,꾸미호프,서울특별시 중랑구 용마산로115가길 4 (망우동),서울특별시 중랑구 망우동 494-1 
일반음식점,우리맛집,"서울특별시 중랑구 면목로44길 43, 1층 (면목동)",서울특별시 중랑구 면목동 465-39 
일반음식점,신마루매운갈비찜,"서울특별시 중랑구 사가정로42길 19, 1층 (면목동)",서울특별시 중랑구 면목동 652-35 
일반음식점,미락칡냉면,서울특별시 중랑구 상봉로 67 (면목동),서울특별시 중랑구 면목동 87-32 
일반음식점,성공시대,"서울특별시 중랑구 동일로 633, 1~2층 (면목동)",서울특별시 중랑구 면목동 176-123 
일반음식점,전라도식당,"서울특별시 중랑구 상봉로25길 32, 1층 (상봉동)",서울특별시 중랑구 상봉동 88-12 지상1층 
일반음식점,청평매운탕,서울특별시 중랑구 공릉로 46 (묵동),서울특별시 중랑구 묵동 171-7 
일반음식점,허수아비,서울특별시 중랑구 중랑역로 229 (묵동),서울특별시 중랑구 묵동 235-18 
일반음식점,두채사랑 전주콩나물 국밥,"서울특별시 중랑구 면목로 371, 1층 (면목동)",서울특별시 중랑구 면목동 502-33 
일반음식점,페리카나치킨(묵동점),"서울특별시 중랑구 동일로149길 15, 3동 104호 (묵동, 우성아파트)",서울특별시 중랑구 묵동 250-17 우성아파트 
일반음식점,봉화갈비쌈밥,서울특별시 중랑구 봉화산로20길 35 (중화동),서울특별시 중랑구 중화동 290-18 
일반음식점,페리카나 신내점,서울특별시 중랑구 봉화산로 236 (신내동),서울특별시 중랑구 신내동 393-5 
일반음식점,처갓집양념치킨 신내점,서울특별시 중랑구 봉화산로56길 99 (신내동),서울특별시 중랑구 신내동 472-3 
일반음식점,불타는돼지,서울특별시 중랑구 사가정로 417 (면목동),서울특별시 중랑구 면목동 1110-16 
일반음식점,투다리식당,서울특별시 중랑구 겸재로 178 (면목동),서울특별시 중랑구 면목동 115-1 
일반음식점,포차의신(辛),서울특별시 중랑구 중랑역로 122 (중화동),서울특별시 중랑구 중화동 307-63 
일반음식점,동강장어랑나랑,서울특별시 중랑구 용마산로115길 17 (망우동),서울특별시 중랑구 망우동 469-2 
일반음식점,마루,"서울특별시 중랑구 동일로114길 7 (상봉동,외 1필지)",서울특별시 중랑구 상봉동 120-53 외 1필지 
일반음식점,사또치킨,서울특별시 중랑구 망우로42길 17 (상봉동),서울특별시 중랑구 상봉동 114-62 
일반음식점,김밥터,서울특별시 중랑구 면목로48길 18 (면목동),서울특별시 중랑구 면목동 461-33 
일반음식점,만원의 행복포차,서울특별시 중랑구 봉우재로43길 37 (상봉동),서울특별시 중랑구 상봉동 87-1 
일반음식점,엄마손 식당,서울특별시 중랑구 중랑역로 209 (묵동),서울특별시 중랑구 묵동 237-46 
일반음식점,대박왕곱창,서울특별시 중랑구 답십리로 367 (면목동),서울특별시 중랑구 면목동 383-5 
일반음식점,소문난부대찌개,서울특별시 중랑구 중랑역로 133 (묵동),서울특별시 중랑구 묵동 249-106 
일반음식점,태영식당,서울특별시 중랑구 용마산로118길 72 (망우동),서울특별시 중랑구 망우동 209-1 
일반음식점,묵동왕순대,서울특별시 중랑구 공릉로 64 (묵동),서울특별시 중랑구 묵동 305-1 
일반음식점,섬마을홍어집,서울특별시 중랑구 면목로57길 5 (면목동),서울특별시 중랑구 면목동 501-2 
일반음식점,송이네,서울특별시 중랑구 동일로109길 62 (면목동),서울특별시 중랑구 면목동 185-116 
일반음식점,또와 호프,"서울특별시 중랑구 면목로57길 11, 2동 1층 (면목동)",서울특별시 중랑구 면목동 501-14 지상1층 2동 
일반음식점,향촌칼국수,서울특별시 중랑구 면목로55길 10 (면목동),서울특별시 중랑구 면목동 501-5 
일반음식점,지리산청정흑돼지,서울특별시 중랑구 동일로163길 8 (묵동),서울특별시 중랑구 묵동 238-125 
일반음식점,용마 닭한마리 매운등갈비찜,서울특별시 중랑구 용마산로51길 1 (면목동),서울특별시 중랑구 면목동 1097-15 
일반음식점,충북식당,서울특별시 중랑구 동일로139길 80 (중화동),서울특별시 중랑구 중화동 332-105 
일반음식점,진국감자탕,서울특별시 중랑구 중랑역로 106-1 (중화동),서울특별시 중랑구 중화동 306-53 
일반음식점,농부보쌈,서울특별시 중랑구 용마산로 389 (면목동),서울특별시 중랑구 면목동 50-46 
일반음식점,장수마을,서울특별시 중랑구 면목로 373 (면목동),서울특별시 중랑구 면목동 502-2 
일반음식점,죽변항,서울특별시 중랑구 상봉로 97 (상봉동),서울특별시 중랑구 상봉동 84-57 
일반음식점,동네술집,서울특별시 중랑구 망우로50길 36 (상봉동),서울특별시 중랑구 상봉동 90-50 
일반음식점,황금식당,서울특별시 중랑구 봉우재로 161 (상봉동),서울특별시 중랑구 상봉동 85-26 
일반음식점,상봉회관,서울특별시 중랑구 망우로42길 9 (상봉동),서울특별시 중랑구 상봉동 115-24 
일반음식점,항아리 김치찌개,서울특별시 중랑구 중랑역로50길 4 (묵동),서울특별시 중랑구 묵동 169-20 
일반음식점,중국관,서울특별시 중랑구 용마산로116길 30 (망우동),서울특별시 중랑구 망우동 361-9 
일반음식점,피자드시우 중랑점,"서울특별시 중랑구 봉우재로43길 12, 1층 (상봉동)",서울특별시 중랑구 상봉동 86-62 
일반음식점,쉘부르라이브7090,서울특별시 중랑구 중랑역로 145 (묵동),서울특별시 중랑구 묵동 249-111 
일반음식점,서일기사식당,서울특별시 중랑구 상봉로 13 (면목동),서울특별시 중랑구 면목동 68-1 
일반음식점,은술집,서울특별시 중랑구 면목로56길 10 (면목동),서울특별시 중랑구 면목동 428-22 
일반음식점,바다마을회광장,"서울특별시 중랑구 망우로30길 21, 1층 (상봉동)",서울특별시 중랑구 상봉동 130-89 
일반음식점,가마솥민물매운탕,서울특별시 중랑구 동일로151길 8 (묵동),서울특별시 중랑구 묵동 244-41 
일반음식점,사또양념치킨,서울특별시 중랑구 용마산로 554 (망우동),서울특별시 중랑구 망우동 358-6 
일반음식점,24시돌솥밥기사식당,서울특별시 중랑구 상봉로 8 (면목동),서울특별시 중랑구 면목동 50-6 
일반음식점,이서방양념치킨,서울특별시 중랑구 봉화산로 98 (중화동),서울특별시 중랑구 중화동 10-13 
일반음식점,마미백반,"서울특별시 중랑구 용마산로 396, 1층 (면목동)",서울특별시 중랑구 면목동 51-2 
일반음식점,상봉동페리카나,서울특별시 중랑구 봉우재로 161 (상봉동),서울특별시 중랑구 상봉동 85-26 
일반음식점,도레미,서울특별시 중랑구 용마공원로5길 7 (망우동),서울특별시 중랑구 망우동 405-23 
일반음식점,망우동황금족발,서울특별시 중랑구 봉우재로57길 60 (망우동),서울특별시 중랑구 망우동 509-4 
일반음식점,멕시칸치킨,서울특별시 중랑구 공릉로2길 7 (묵동),서울특별시 중랑구 묵동 174-4 
일반음식점,꾸이꾸이껍데기,"서울특별시 중랑구 용마산로115길 60, 1층 (망우동)",서울특별시 중랑구 망우동 490-26 지상1층 
일반음식점,식껍중랑망우점,서울특별시 중랑구 용마산로115길 92 (망우동),서울특별시 중랑구 망우동 490-13 
일반음식점,강원도곰배령막걸리,서울특별시 중랑구 용마산로117길 40 (신내동),서울특별시 중랑구 신내동 494-25 
일반음식점,와오뎅,서울특별시 중랑구 사가정로52길 11 (면목동),서울특별시 중랑구 면목동 634-13 
일반음식점,꿀꿀부라더스족발,서울특별시 중랑구 망우로50길 32 (상봉동),서울특별시 중랑구 상봉동 90-12 
일반음식점,묵동곱창,서울특별시 중랑구 공릉로12길 16 (묵동),서울특별시 중랑구 묵동 58-13 
일반음식점,(양)동촌,"서울특별시 중랑구 동일로 777, 2층 (중화동)",서울특별시 중랑구 중화동 303-16 
일반음식점,독도쭈꾸미,서울특별시 중랑구 망우로42길 10 (상봉동),서울특별시 중랑구 상봉동 118-1 
일반음식점,즉석우동전문점,"서울특별시 중랑구 동일로 774, 1층 (중화동)",서울특별시 중랑구 중화동 294-9 1층 
일반음식점,신성식당,서울특별시 중랑구 겸재로 202 (면목동),서울특별시 중랑구 면목동 105-3 
일반음식점,제주구둘짱삼겹,서울특별시 중랑구 중랑역로 193 (묵동),서울특별시 중랑구 묵동 240-33 
일반음식점,장충족발감자탕,서울특별시 중랑구 중랑역로 77 (중화동),서울특별시 중랑구 중화동 312-128 
일반음식점,옛골,서울특별시 중랑구 용마산로115길 71 (망우동),서울특별시 중랑구 망우동 491-37 
일반음식점,용가네순대국,서울특별시 중랑구 망우로30길 22 (상봉동),서울특별시 중랑구 상봉동 136-84 
일반음식점,초원,서울특별시 중랑구 사가정로 371-1 (면목동),서울특별시 중랑구 면목동 605-32 
일반음식점,상봉어묵당,서울특별시 중랑구 망우로30길 8 (상봉동),서울특별시 중랑구 상봉동 136-50 
일반음식점,조약돌,서울특별시 중랑구 면목로37길 13 (면목동),서울특별시 중랑구 면목동 655-5 
일반음식점,청담수산마켓,서울특별시 중랑구 면목로37길 13 (면목동),서울특별시 중랑구 면목동 655-5 
일반음식점,주당포차,서울특별시 중랑구 중랑역로 195-1 (묵동),서울특별시 중랑구 묵동 240-30 
일반음식점,두레반국수,서울특별시 중랑구 용마산로115길 87 (망우동),서울특별시 중랑구 망우동 491-49 
일반음식점,멍석숯불갈비,서울특별시 중랑구 봉우재로5길 13 (면목동),서울특별시 중랑구 면목동 191-2 
일반음식점,진미식당,서울특별시 중랑구 중랑천로30길 62 (중화동),서울특별시 중랑구 중화동 318-100 
일반음식점,태능배밭갈비,서울특별시 중랑구 동일로143길 30 (묵동),서울특별시 중랑구 묵동 249-107 
일반음식점,단골밥집단골술집,서울특별시 중랑구 용마산로116길 38 (망우동),서울특별시 중랑구 망우동 184-23 
일반음식점,순이네바지락칼국수,"서울특별시 중랑구 망우로42길 5, 1층 (상봉동)",서울특별시 중랑구 상봉동 115-22 지상1층 
일반음식점,돈촌,서울특별시 중랑구 사가정로51길 21 (면목동),서울특별시 중랑구 면목동 596-4 
일반음식점,돈뚜껑,"서울특별시 중랑구 용마산로115길 4 (망우동, 1층)",서울특별시 중랑구 망우동 486-5 
일반음식점,어깨동무,"서울특별시 중랑구 사가정로51길 44, 1층 (면목동)",서울특별시 중랑구 면목동 498-8 
일반음식점,최고집메밀촌,서울특별시 중랑구 동일로123길 5 (중화동),서울특별시 중랑구 중화동 296-1 
일반음식점,보양식당,서울특별시 중랑구 용마산로115길 27 (망우동),서울특별시 중랑구 망우동 469-24 
일반음식점,너랑나랑,서울특별시 중랑구 면목로 391 (면목동),서울특별시 중랑구 면목동 115-22 
일반음식점,이디야커피 용마산역점,서울특별시 중랑구 면목로 254-1 (면목동),서울특별시 중랑구 면목동 371-138 
일반음식점,바다회집,서울특별시 중랑구 중랑역로 219-1 (묵동),서울특별시 중랑구 묵동 237-102 
일반음식점,또바기 참숯호프주점,서울특별시 중랑구 중랑역로 28 (중화동),서울특별시 중랑구 중화동 298-38 
일반음식점,광산식당,서울특별시 중랑구 봉우재로 219 (망우동),서울특별시 중랑구 망우동 513-41 
일반음식점,푸른초원,서울특별시 중랑구 동일로163길 22 (묵동),서울특별시 중랑구 묵동 238-122 
일반음식점,연평도,서울특별시 중랑구 상봉로 90 (망우동),서울특별시 중랑구 망우동 517-47 
일반음식점,쌍용각,서울특별시 중랑구 면목로56길 26 (면목동),서울특별시 중랑구 면목동 428-43 
일반음식점,경보장,서울특별시 중랑구 용마산로96길 15 (망우동),서울특별시 중랑구 망우동 441-24 
일반음식점,두리호프,서울특별시 중랑구 중랑역로 38 (중화동),서울특별시 중랑구 중화동 300-40 
일반음식점,꿀삼겹 본점,서울특별시 중랑구 봉우재로 139 (상봉동),서울특별시 중랑구 상봉동 106-5 
일반음식점,불타는곱창&막창,"서울특별시 중랑구 공릉로2길 14, 1층 (묵동)",서울특별시 중랑구 묵동 177-19 
일반음식점,유경네맛집,서울특별시 중랑구 중랑역로 232 (묵동),서울특별시 중랑구 묵동 234-12 
일반음식점,"황소곱창전골,파전",서울특별시 중랑구 중랑천로10길 60 (면목동),서울특별시 중랑구 면목동 185-18 
일반음식점,고향만두칼국수,서울특별시 중랑구 중랑역로 75 (중화동),서울특별시 중랑구 중화동 312-25 
일반음식점,윤반장,"서울특별시 중랑구 면목로55길 15, 1층 (면목동)",서울특별시 중랑구 면목동 499-12 
일반음식점,어선생,서울특별시 중랑구 용마산로115길 73 (망우동),서울특별시 중랑구 망우동 491-35 
일반음식점,청춘쪽갈비,서울특별시 중랑구 동일로139길 25 (중화동),서울특별시 중랑구 중화동 306-55 
일반음식점,다락방,서울특별시 중랑구 용마산로115길 60 (망우동),서울특별시 중랑구 망우동 490-26 
일반음식점,만나분식,서울특별시 중랑구 동일로143길 12 (묵동),서울특별시 중랑구 묵동 250-46 
일반음식점,꼬꼬바베큐치킨,서울특별시 중랑구 동일로163길 22 (묵동),서울특별시 중랑구 묵동 238-122 
일반음식점,여기가좋겠네,서울특별시 중랑구 중랑천로10길 40 (면목동),서울특별시 중랑구 면목동 185-137 
일반음식점,김밥천국,서울특별시 중랑구 망우로32길 28 (상봉동),서울특별시 중랑구 상봉동 130-22 
일반음식점,웰덤치킨,서울특별시 중랑구 겸재로54길 53 (면목동),서울특별시 중랑구 면목동 69-36 
일반음식점,혜성분식,서울특별시 중랑구 상봉로11길 6 (면목동),서울특별시 중랑구 면목동 87-14 
일반음식점,장수식당,서울특별시 중랑구 동일로 645 (면목동),서울특별시 중랑구 면목동 179-23 
일반음식점,고바우식당,서울특별시 중랑구 동일로139길 34 (중화동),서울특별시 중랑구 중화동 308-30 
일반음식점,치어스,서울특별시 중랑구 면목로45길 11 (면목동),서울특별시 중랑구 면목동 601-2 
일반음식점,정카페,"서울특별시 중랑구 망우로 216-10, 1층 (상봉동)",서울특별시 중랑구 상봉동 129-71 
일반음식점,망우찜쌈밥 본점,서울특별시 중랑구 용마공원로2길 8 (망우동),서울특별시 중랑구 망우동 410-2 
일반음식점,치킨욜로강정,서울특별시 중랑구 동일로 607 (면목동),서울특별시 중랑구 면목동 172-1 
일반음식점,지리산식당,서울특별시 중랑구 용마산로 460 (망우동),서울특별시 중랑구 망우동 444-35 
일반음식점,경원식당,서울특별시 중랑구 면목천로 175 (면목동),서울특별시 중랑구 면목동 131-5 
일반음식점,성지소곱창,서울특별시 중랑구 상봉로 40 (면목동),서울특별시 중랑구 면목동 23-12 
일반음식점,사가정골목해장국,"서울특별시 중랑구 사가정로52길 3-4, 1층 (면목동)",서울특별시 중랑구 면목동 634-18 
일반음식점,오렌지,"서울특별시 중랑구 면목로 205 (면목동, 1층)",서울특별시 중랑구 면목동 398-27 
일반음식점,도깨비,서울특별시 중랑구 봉우재로43길 32 (상봉동),서울특별시 중랑구 상봉동 88-95 
일반음식점,참치애난,서울특별시 중랑구 중랑천로12길 42 (상봉동),서울특별시 중랑구 상봉동 130-71 
일반음식점,노랑통닭(면목점),서울특별시 중랑구 사가정로51길 35 (면목동),서울특별시 중랑구 면목동 595-53 
일반음식점,수동식당,서울특별시 중랑구 망우로 258 (상봉동),서울특별시 중랑구 상봉동 118-15 
일반음식점,동창야채닭갈비,서울특별시 중랑구 중랑역로 81 (중화동),서울특별시 중랑구 중화동 312-19 
일반음식점,할매보쌈,서울특별시 중랑구 면목로 352 (면목동),서울특별시 중랑구 면목동 458-1 
일반음식점,옛터식당,서울특별시 중랑구 중랑천로10길 63-3 (상봉동),서울특별시 중랑구 상봉동 130-159 
일반음식점,명신반점,서울특별시 중랑구 용마산로139가길 4 (신내동),서울특별시 중랑구 신내동 344-12 
일반음식점,남선반점,서울특별시 중랑구 중랑역로 145 (묵동),서울특별시 중랑구 묵동 249-111 
일반음식점,성문돈까스,서울특별시 중랑구 면목로33길 54 (면목동),서울특별시 중랑구 면목동 341-49 
일반음식점,맹돌이생선구이쌈밥,"서울특별시 중랑구 용마산로115길 59, 2층 (망우동)",서울특별시 중랑구 망우동 491-39 2층 
일반음식점,굴뚝삼겹살,서울특별시 중랑구 중랑천로12길 41 (상봉동),서울특별시 중랑구 상봉동 130-108 
일반음식점,석원,서울특별시 중랑구 봉우재로 44-1 (면목동),서울특별시 중랑구 면목동 180-33 
일반음식점,골뱅이,서울특별시 중랑구 망우로30길 8 (상봉동),서울특별시 중랑구 상봉동 136-50 
일반음식점,맑은샘,서울특별시 중랑구 용마산로99길 13 (망우동),서울특별시 중랑구 망우동 530-1 
일반음식점,서산농장,서울특별시 중랑구 중랑역로 200-1 (묵동),서울특별시 중랑구 묵동 239-132 
일반음식점,봉명동내커피 서울 중랑점,"서울특별시 중랑구 봉우재로 141 (상봉동,, 86)","서울특별시 중랑구 상봉동 105-85 , 86 "
일반음식점,손칼국수,서울특별시 중랑구 용마산로115길 77 (망우동),서울특별시 중랑구 망우동 491-34 
일반음식점,삼덕포횟집,서울특별시 중랑구 용마산로116길 51 (망우동),서울특별시 중랑구 망우동 202-13 
일반음식점,교촌치킨 사가정역점,"서울특별시 중랑구 면목로45길 3-4, 지~2층 (면목동)",서울특별시 중랑구 면목동 496-14 
일반음식점,미례김밥,"서울특별시 중랑구 상봉로 7 (면목동,외 1필지 109호)",서울특별시 중랑구 면목동 68-2 외 1필지 109호 
일반음식점,가문 왕십리 곱창막창,서울특별시 중랑구 중랑역로 179 (묵동),서울특별시 중랑구 묵동 243-4 
일반음식점,꼬끼용,서울특별시 중랑구 동일로123길 70 (중화동),서울특별시 중랑구 중화동 315-30 
일반음식점,명륜진사갈비(면목점),서울특별시 중랑구 겸재로 126 (면목동),서울특별시 중랑구 면목동 150-1 
일반음식점,망우돌곱창,서울특별시 중랑구 용마산로115길 59 (망우동),서울특별시 중랑구 망우동 491-39 
일반음식점,주랑포차,서울특별시 중랑구 겸재로40길 75 (면목동),서울특별시 중랑구 면목동 502-25 
일반음식점,라무야끼,서울특별시 중랑구 봉우재로43길 6 (상봉동),서울특별시 중랑구 상봉동 85-37 
일반음식점,내고향식당,서울특별시 중랑구 용마산로118길 19 (망우동),서울특별시 중랑구 망우동 356-27 
일반음식점,춘천닭갈비,서울특별시 중랑구 중랑역로 79 (중화동),서울특별시 중랑구 중화동 312-20 
일반음식점,낭만맥주,"서울특별시 중랑구 용마산로 405, LG카센타 1층 (면목동)",서울특별시 중랑구 면목동 50-47 LG카센타 
일반음식점,소문난순대,서울특별시 중랑구 동일로143길 49 (중화동),서울특별시 중랑구 중화동 309-96 
일반음식점,또와분식,서울특별시 중랑구 망우로71길 20 (망우동),서울특별시 중랑구 망우동 341-26 
일반음식점,소육옥,서울특별시 중랑구 면목로 402 (면목동),서울특별시 중랑구 면목동 359-1 
일반음식점,태능칼국수,"서울특별시 중랑구 동일로129길 9, 1층 (중화동)",서울특별시 중랑구 중화동 301-85 
일반음식점,참조은바다,"서울특별시 중랑구 상봉로 100 (망우동,, 43)","서울특별시 중랑구 망우동 516-42 , 43 "
일반음식점,유정식당,서울특별시 중랑구 중랑천로 43-1 (면목동),서울특별시 중랑구 면목동 190-103 
일반음식점,민속식당,서울특별시 중랑구 면목천로6길 21 (면목동),서울특별시 중랑구 면목동 673-20 
일반음식점,성진삼계탕,"서울특별시 중랑구 중랑천로12길 7-3 (상봉동,외 1필지)",서울특별시 중랑구 상봉동 136-15 외 1필지 
일반음식점,초원가든,서울특별시 중랑구 망우로48길 16 (상봉동),서울특별시 중랑구 상봉동 102-11 
일반음식점,인생건어물(사가정점),"서울특별시 중랑구 사가정로51길 14, 지상1층 (면목동)",서울특별시 중랑구 면목동 496-22 지상1층 
일반음식점,이화김치찌개전문점,서울특별시 중랑구 중랑천로 188 (중화동),서울특별시 중랑구 중화동 330-81 
일반음식점,왕십리곱창,서울특별시 중랑구 사가정로51길 21 (면목동),서울특별시 중랑구 면목동 596-4 
일반음식점,꾸꾸가문 남원추어탕,서울특별시 중랑구 용마산로 452 (망우동),서울특별시 중랑구 망우동 442-37 
일반음식점,다락원,서울특별시 중랑구 동일로101길 38 (면목동),서울특별시 중랑구 면목동 181-25 
일반음식점,잣길삼계탕,서울특별시 중랑구 면목로91길 37 (상봉동),서울특별시 중랑구 상봉동 111-43 
일반음식점,동강,서울특별시 중랑구 중랑역로 92 (중화동),서울특별시 중랑구 중화동 306-45 
일반음식점,정선식당,서울특별시 중랑구 봉우재로58길 6 (망우동),서울특별시 중랑구 망우동 517-2 
일반음식점,오리촌유황오리주물럭,"서울특별시 중랑구 중랑천로 62 (면목동,1층)",서울특별시 중랑구 면목동 186-69 1층 
일반음식점,정원반점,"서울특별시 중랑구 망우로36길 36, 1층 (상봉동)",서울특별시 중랑구 상봉동 127-13 
일반음식점,내가쏜다,서울특별시 중랑구 중랑역로 60 (중화동),서울특별시 중랑구 중화동 302-73 
일반음식점,용호식당,서울특별시 중랑구 중랑역로 44-1 (중화동),서울특별시 중랑구 중화동 300-45 
일반음식점,봉화골생고기,서울특별시 중랑구 봉화산로 87 (중화동),서울특별시 중랑구 중화동 94-6 
일반음식점,올레,서울특별시 중랑구 망우로 382-1 (망우동),서울특별시 중랑구 망우동 563-7 
일반음식점,매화,서울특별시 중랑구 겸재로 220 (면목동),서울특별시 중랑구 면목동 72-26 
일반음식점,써니호프,서울특별시 중랑구 면목로 402 (면목동),서울특별시 중랑구 면목동 359-1 
일반음식점,용용 떡볶이,서울특별시 중랑구 면목로28길 17 (면목동),서울특별시 중랑구 면목동 371-70 
일반음식점,넝쿨곱창,서울특별시 중랑구 중랑역로 123 (중화동),서울특별시 중랑구 중화동 308-10 
일반음식점,핸즈테이블,"서울특별시 중랑구 망우로32길 40, 2층 (면목동)",서울특별시 중랑구 면목동 185-4 
일반음식점,처갓집 양념치킨 면목점,서울특별시 중랑구 사가정로42길 37 (면목동),서울특별시 중랑구 면목동 657-56 
일반음식점,반석위에,서울특별시 중랑구 동일로169길 5 (묵동),서울특별시 중랑구 묵동 238-77 
일반음식점,필호프,서울특별시 중랑구 중랑역로 123-1 (중화동),서울특별시 중랑구 중화동 308-3 
일반음식점,문가네김밥,서울특별시 중랑구 면목로 426 (면목동),서울특별시 중랑구 면목동 121-20 
일반음식점,줌커피호프,"서울특별시 중랑구 용마산로115길 86, 2층 (망우동)",서울특별시 중랑구 망우동 490-12 
일반음식점,분식나라,서울특별시 중랑구 동일로140길 25 (중화동),서울특별시 중랑구 중화동 279-20 
일반음식점,즉석우동,서울특별시 중랑구 겸재로 205 (면목동),서울특별시 중랑구 면목동 103-5 
일반음식점,족발야시장,서울특별시 중랑구 동일로129길 22 (중화동),서울특별시 중랑구 중화동 304-36 
일반음식점,대성식당,서울특별시 중랑구 답십리로77길 17 (면목동),서울특별시 중랑구 면목동 383-35 
일반음식점,왕십리곱창,서울특별시 중랑구 동일로109길 38 (면목동),서울특별시 중랑구 면목동 184-22 
일반음식점,화성각,서울특별시 중랑구 면목로48길 37 (면목동),서울특별시 중랑구 면목동 455-34 
일반음식점,복래삼겹살,서울특별시 중랑구 사가정로51길 21 (면목동),서울특별시 중랑구 면목동 596-4 
일반음식점,그린필드,서울특별시 중랑구 망우로71길 18 (망우동),서울특별시 중랑구 망우동 341-24 
일반음식점,로얄식당,"서울특별시 중랑구 동일로143길 19 (중화동, 제일프라자 지하16,17호)",서울특별시 중랑구 중화동 307-1 
일반음식점,장수식당,서울특별시 중랑구 동일로 645 (면목동),서울특별시 중랑구 면목동 179-23 
일반음식점,먹골호프집,서울특별시 중랑구 동일로163길 21 (묵동),서울특별시 중랑구 묵동 239-137 
일반음식점,생활맥주 중랑망우점,서울특별시 중랑구 용마산로115길 39 (망우동),서울특별시 중랑구 망우동 469-65 1층 
일반음식점,전주식당,서울특별시 중랑구 사가정로45길 63 (면목동),서울특별시 중랑구 면목동 564-13 
일반음식점,박가네 명동빈대떡,서울특별시 중랑구 겸재로 168 (면목동),서울특별시 중랑구 면목동 117-25 
일반음식점,흥부전놀부전,서울특별시 중랑구 사가정로51길 43 (면목동),서울특별시 중랑구 면목동 572-30 
일반음식점,락원식당,서울특별시 중랑구 중랑역로 114-1 (중화동),서울특별시 중랑구 중화동 307-57 
일반음식점,24시소문난찌개마을,서울특별시 중랑구 중랑역로 84 (중화동),서울특별시 중랑구 중화동 304-55 
일반음식점,까르보네,서울특별시 중랑구 면목로48길 16 (면목동),서울특별시 중랑구 면목동 461-36 
일반음식점,삼순이생고기,"서울특별시 중랑구 동일로149길 15 (묵동, 우성상가 2동 114호)",서울특별시 중랑구 묵동 250-17 
일반음식점,우리식당,서울특별시 중랑구 동일로 833-7 (중화동),서울특별시 중랑구 중화동 307-71 
일반음식점,경원식당,서울특별시 중랑구 면목로 241 (면목동),서울특별시 중랑구 면목동 379-35 
일반음식점,찌개달인,서울특별시 중랑구 중랑역로 89 (중화동),서울특별시 중랑구 중화동 312-2 
일반음식점,무진장숯불갈비,서울특별시 중랑구 면목로78길 12 (면목동),서울특별시 중랑구 면목동 121-27 
일반음식점,춘천골,서울특별시 중랑구 용마산로115길 30 (망우동),서울특별시 중랑구 망우동 470-6 
일반음식점,가야한방찜닭,서울특별시 중랑구 동일로149길 15 (묵동),서울특별시 중랑구 묵동 250-17 
일반음식점,남촌흑염소,서울특별시 중랑구 중랑역로 245 (묵동),서울특별시 중랑구 묵동 233-5 
일반음식점,묵동식당,서울특별시 중랑구 중랑역로 281 (묵동),서울특별시 중랑구 묵동 161-3 
일반음식점,양자강,"서울특별시 중랑구 중랑역로 170-1, 1층 (묵동)",서울특별시 중랑구 묵동 244-107 
일반음식점,왕박사식당,서울특별시 중랑구 상봉로11길 19 (면목동),서울특별시 중랑구 면목동 74-49 
일반음식점,알콜에 빠진닭,서울특별시 중랑구 면목로35길 47 (면목동),서울특별시 중랑구 면목동 673-3 
일반음식점,통나무집,서울특별시 중랑구 용마산로94가길 26 (면목동),서울특별시 중랑구 면목동 19-53 
일반음식점,켈리포니아,서울특별시 중랑구 망우로 213 (중화동),서울특별시 중랑구 중화동 208-23 
일반음식점,대교참치,"서울특별시 중랑구 용마산로129나길 3, 1층 (신내동)",서울특별시 중랑구 신내동 391-4 
일반음식점,봉구비어,서울특별시 중랑구 동일로163길 15 (묵동),서울특별시 중랑구 묵동 239-144 
일반음식점,곱분이곱창,서울특별시 중랑구 망우로50길 34 (상봉동),서울특별시 중랑구 상봉동 90-49 
일반음식점,개미식당,서울특별시 중랑구 겸재로15길 9 (면목동),서울특별시 중랑구 면목동 146-70 
일반음식점,설빙 상봉점,서울특별시 중랑구 망우로 204 (상봉동),서울특별시 중랑구 상봉동 130-1 
일반음식점,흥부네,서울특별시 중랑구 용마산로129길 32 (신내동),서울특별시 중랑구 신내동 412-8 
일반음식점,오딧세이,서울특별시 중랑구 용마산로115길 92 (망우동),서울특별시 중랑구 망우동 490-13 
일반음식점,센스,서울특별시 중랑구 동일로109가길 25 (상봉동),서울특별시 중랑구 상봉동 129-12 
일반음식점,비서실,서울특별시 중랑구 망우로 216-8 (상봉동),서울특별시 중랑구 상봉동 129-67 
일반음식점,피자코코,"서울특별시 중랑구 동일로163길 17 (묵동,1층)",서울특별시 중랑구 묵동 239-143 1층 
일반음식점,푸른식탁,서울특별시 중랑구 봉우재로 163 (상봉동),서울특별시 중랑구 상봉동 85-60 
일반음식점,돼지네식당,서울특별시 중랑구 동일로126길 8 (중화동),서울특별시 중랑구 중화동 295-26 
일반음식점,홍이네분식,서울특별시 중랑구 망우로73길 26 (망우동),서울특별시 중랑구 망우동 342-47 
일반음식점,미락분식,"서울특별시 중랑구 용마산로94길 4 (면목동, 1층)",서울특별시 중랑구 면목동 19-33 
일반음식점,팔도실비집 사가정역점,서울특별시 중랑구 면목로45길 7 (면목동),서울특별시 중랑구 면목동 496-25 
일반음식점,화국&슬기로운,서울특별시 중랑구 면목로 404 (면목동),서울특별시 중랑구 면목동 360-3 
일반음식점,미크닉김밥,서울특별시 중랑구 동일로92길 11 (면목동),서울특별시 중랑구 면목동 161-27 
일반음식점,명동만두,서울특별시 중랑구 용마산로115나길 23 (망우동),서울특별시 중랑구 망우동 491-8 
일반음식점,장안칼국수,서울특별시 중랑구 상봉중앙로 56 (상봉동),서울특별시 중랑구 상봉동 220-8 
일반음식점,고모리보리밥,"서울특별시 중랑구 중랑역로 124, 상가동 107,108호 (중화동, 삼익아파트)",서울특별시 중랑구 중화동 438 
일반음식점,다락,서울특별시 중랑구 면목로 336 (면목동),서울특별시 중랑구 면목동 459-14 
일반음식점,푸지미,서울특별시 중랑구 면목로 484 (상봉동),서울특별시 중랑구 상봉동 102-59 
일반음식점,돈대감 솔잎황토구이,서울특별시 중랑구 송림길 1 (상봉동),서울특별시 중랑구 상봉동 74-1 
일반음식점,사가정,서울특별시 중랑구 면목로 389 (면목동),서울특별시 중랑구 면목동 115-23 
일반음식점,춘천터닭갈비,서울특별시 중랑구 면목로 351 (면목동),서울특별시 중랑구 면목동 498-18 
일반음식점,술빨,서울특별시 중랑구 면목로 480 (상봉동),서울특별시 중랑구 상봉동 102-73 
일반음식점,영광식당,서울특별시 중랑구 봉우재로 202 (망우동),서울특별시 중랑구 망우동 518-36 
일반음식점,춘향이호프,서울특별시 중랑구 망우로36길 27 (상봉동),서울특별시 중랑구 상봉동 128-70 
일반음식점,본가냉면돈까스,"서울특별시 중랑구 용마산로96길 13, 1층 (망우동)",서울특별시 중랑구 망우동 441-25 
일반음식점,봉숙이네,"서울특별시 중랑구 중랑역로 83 (중화동, 1층)",서울특별시 중랑구 중화동 312-7 
일반음식점,디오니스,서울특별시 중랑구 동일로157길 19 (묵동),서울특별시 중랑구 묵동 244-140 
일반음식점,소피아,서울특별시 중랑구 면목로 205 (면목동),서울특별시 중랑구 면목동 398-27 
일반음식점,새나라치킨,서울특별시 중랑구 사가정로42길 73 (면목동),서울특별시 중랑구 면목동 673-61 
일반음식점,고향골생고기,서울특별시 중랑구 공릉로 74 (묵동),서울특별시 중랑구 묵동 158-5 
일반음식점,박가네압구정찌개명가,서울특별시 중랑구 용마산로 411 (면목동),서울특별시 중랑구 면목동 20-4 
일반음식점,공릉닭한마리,서울특별시 중랑구 봉화산로 236 (신내동),서울특별시 중랑구 신내동 393-5 
일반음식점,참숯 生고기,서울특별시 중랑구 면목로 233 (면목동),서울특별시 중랑구 면목동 390-27 
일반음식점,더 마블링 망우목장,서울특별시 중랑구 용마산로115길 8 (망우동),서울특별시 중랑구 망우동 486-8 
일반음식점,팔봉산생고기,서울특별시 중랑구 사가정로49길 8 (면목동),서울특별시 중랑구 면목동 604-25 
일반음식점,용이숙이닭한마리,서울특별시 중랑구 동일로109가길 19 (면목동),서울특별시 중랑구 면목동 184-1 
일반음식점,윤이 불닭발,서울특별시 중랑구 면목로 446 (면목동),서울특별시 중랑구 면목동 226-10 
일반음식점,솥뚜껑잔치삼겹살,서울특별시 중랑구 동일로101길 32 (면목동),서울특별시 중랑구 면목동 181-126 
일반음식점,동창숯불닭갈비,서울특별시 중랑구 봉화산로56길 25 (신내동),서울특별시 중랑구 신내동 413-1 
일반음식점,승희 장수곱창,서울특별시 중랑구 중랑역로 76-1 (중화동),서울특별시 중랑구 중화동 304-39 
일반음식점,영산강오리,서울특별시 중랑구 면목로54길 5 (면목동),서울특별시 중랑구 면목동 428-40 
일반음식점,정팔이식당,서울특별시 중랑구 면목로33길 19 (면목동),서울특별시 중랑구 면목동 369-2 
일반음식점,태능숯불갈비,서울특별시 중랑구 면목로37길 14 (면목동),서울특별시 중랑구 면목동 653-32 
일반음식점,로또식당,서울특별시 중랑구 중랑천로12길 16 (상봉동),서울특별시 중랑구 상봉동 136-47 
일반음식점,중화루,"서울특별시 중랑구 겸재로 117, 1층 (면목동)",서울특별시 중랑구 면목동 147-17 지상1층 
일반음식점,즉석우동,서울특별시 중랑구 망우로 431 (망우동),서울특별시 중랑구 망우동 487-2 
일반음식점,신체르니각,"서울특별시 중랑구 용마산로86길 9-27, 101동 상가101호 (면목동, 면목동신성미소지움아파트)",서울특별시 중랑구 면목동 1527 면목동신성미소지움아파트 101동 상가101호
일반음식점,마산아구찜,"서울특별시 중랑구 중랑역로 150 (묵동,우성아파트상가104호)",서울특별시 중랑구 묵동 245-64 우성아파트상가104호 
일반음식점,맛대박,"서울특별시 중랑구 용마산로90길 28, 서일대학 (면목동)",서울특별시 중랑구 면목동 49-3 서일대학 
일반음식점,홍콩반점0410 사가정역점,서울특별시 중랑구 면목로 337 (면목동),서울특별시 중랑구 면목동 497-25 
일반음식점,유성,서울특별시 중랑구 봉우재로 7 (면목동),서울특별시 중랑구 면목동 191-78
일반음식점,대파집 중랑직영점,서울특별시 중랑구 망우로30길 20 (상봉동),서울특별시 중랑구 상봉동 136-83 
